Question 6:

a.

mysql> INSERT INTO DEPARTMENTS (DepartmentID, DepartmentName, Location)VALUES    (1, 'Human Resources', 'Kigali'),    (2, 'Finance', 'Huye'),    (3, 'Marketing', 'Musanze'),    (4, 'IT', 'Rubavu'),    (5, 'Operations', 'Nyanza');
Query OK, 5 rows affected (0.01 sec)
Records: 5  Duplicates: 0  Warnings: 0

mysql> INSERT INTO EMPLOYEES (EmployeeID, FirstName, LastName, DepartmentID, Salary, HireDate)VALUES    (1, 'Jean', 'Nkurunziza', 1, 500000, '2020-01-15'),    (2, 'Marie', 'Uwimana', 2, 600000, '2019-03-22'),    (3, 'Eric', 'Habimana', 3, 550000, '2021-07-30'),    (4, 'Aline', 'Mukamana', 4, 620000, '2018-11-05'),    (5, 'Patrick', 'Mugisha', 5, 580000, '2022-05-17');
Query OK, 5 rows affected (0.01 sec)
Records: 5  Duplicates: 0  Warnings: 0

b.

mysql> DESCRIBE EMPLOYEES;
+--------------+---------------+------+-----+---------+-------+
| Field        | Type          | Null | Key | Default | Extra |
+--------------+---------------+------+-----+---------+-------+
| EmployeeID   | int           | NO   | PRI | NULL    |       |
| FirstName    | varchar(100)  | NO   |     | NULL    |       |
| LastName     | varchar(100)  | NO   |     | NULL    |       |
| DepartmentID | int           | YES  | MUL | NULL    |       |
| Salary       | decimal(10,2) | YES  |     | NULL    |       |
| HireDate     | date          | YES  |     | NULL    |       |
+--------------+---------------+------+-----+---------+-------+
6 rows in set (0.04 sec)

c.

mysql> SELECT
    ->     EMPLOYEES.FirstName,
    ->     EMPLOYEES.LastName,
    ->     DEPARTMENTS.DepartmentName
    -> FROM
    ->     EMPLOYEES
    -> LEFT JOIN
    ->     DEPARTMENTS ON EMPLOYEES.DepartmentID = DEPARTMENTS.DepartmentID;
+-----------+------------+-----------------+
| FirstName | LastName   | DepartmentName  |
+-----------+------------+-----------------+
| Jean      | Nkurunziza | Human Resources |
| Marie     | Uwimana    | Finance         |
| Eric      | Habimana   | Marketing       |
| Aline     | Mukamana   | IT              |
| Patrick   | Mugisha    | Operations      |
+-----------+------------+-----------------+
5 rows in set (0.00 sec)

d.

mysql> SELECT
    ->     EMPLOYEES.FirstName,
    ->     EMPLOYEES.LastName,
    ->     DEPARTMENTS.DepartmentName
    -> FROM
    ->     EMPLOYEES
    -> RIGHT JOIN
    ->     DEPARTMENTS ON EMPLOYEES.DepartmentID = DEPARTMENTS.DepartmentID;
+-----------+------------+-----------------+
| FirstName | LastName   | DepartmentName  |
+-----------+------------+-----------------+
| Jean      | Nkurunziza | Human Resources |
| Marie     | Uwimana    | Finance         |
| Eric      | Habimana   | Marketing       |
| Aline     | Mukamana   | IT              |
| Patrick   | Mugisha    | Operations      |
+-----------+------------+-----------------+
5 rows in set (0.02 sec)

e.

mysql> SELECT
    ->     FirstName,
    ->     LastName,
    ->     DepartmentID,
    ->     Salary,
    ->     HireDate
    -> FROM
    ->     EMPLOYEES
    -> WHERE
    ->     Salary > (SELECT AVG(Salary) FROM EMPLOYEES);
+-----------+----------+--------------+-----------+------------+
| FirstName | LastName | DepartmentID | Salary    | HireDate   |
+-----------+----------+--------------+-----------+------------+
| Marie     | Uwimana  |            2 | 600000.00 | 2019-03-22 |
| Aline     | Mukamana |            4 | 620000.00 | 2018-11-05 |
| Patrick   | Mugisha  |            5 | 580000.00 | 2022-05-17 |
+-----------+----------+--------------+-----------+------------+
3 rows in set (0.00 sec)


Question 7:

1. 

mysql> select * from STUDENT;
+-----------+-----------------------+--------+------+-------------------------+
| studentID | Fullnames             | gender | age  | department              |
+-----------+-----------------------+--------+------+-------------------------+
| S001      | Alice Uwimana         | Female |   22 | Computer Science        |
| S002      | Eric Habimana         | Male   |   21 | Engineering             |
| S003      | Aline Mukamana        | Female |   23 | Medicine                |
| S004      | Jean Claude Ndayisaba | Male   |   19 | Law                     |
| S005      | Claudine Umutoni      | Female |   20 | Business Administration |
+-----------+-----------------------+--------+------+-------------------------+
5 rows in set (0.00 sec)

2.

mysql> SELECT studentID, Fullnames, age, department
    -> FROM STUDENT
    -> WHERE gender = 'Female';
+-----------+------------------+------+-------------------------+
| studentID | Fullnames        | age  | department              |
+-----------+------------------+------+-------------------------+
| S001      | Alice Uwimana    |   22 | Computer Science        |
| S003      | Aline Mukamana   |   23 | Medicine                |
| S005      | Claudine Umutoni |   20 | Business Administration |
+-----------+------------------+------+-------------------------+
3 rows in set (0.01 sec)

3.

mysql> SELECT studentID, Fullnames, age, department
    -> FROM STUDENT
    -> WHERE gender = 'Male';
+-----------+-----------------------+------+-------------+
| studentID | Fullnames             | age  | department  |
+-----------+-----------------------+------+-------------+
| S002      | Eric Habimana         |   21 | Engineering |
| S004      | Jean Claude Ndayisaba |   19 | Law         |
+-----------+-----------------------+------+-------------+
2 rows in set (0.00 sec)

4.

mysql> INSERT INTO STUDENT (studentID, Fullnames, gender, age, department)
    -> VALUES
    ->     ('S001', 'Alice Uwimana', 'Female', 22, 'Computer Science'),
    ->     ('S002', 'Eric Habimana', 'Male', 21, 'Engineering'),
    ->     ('S003', 'Aline Mukamana', 'Female', 23, 'Medicine'),
    ->     ('S004', 'Jean Claude Ndayisaba', 'Male', 19, 'Law'),
    ->     ('S005', 'Claudine Umutoni', 'Female', 20, 'Business Administration');
Query OK, 5 rows affected (0.00 sec)
Records: 5  Duplicates: 0  Warnings: 0

5.

mysql> DELETE FROM STUDENT
    -> WHERE age < 20;
Query OK, 1 row affected (0.02 sec)

